Workbook
Name Cust_ID: Cust_Data[Cust_ID]
Name hsncode: Product_data[HSN Code]

Sheet Dashboard
M11: Notifications!
M12: {=_xlfn._xlws.FILTER(Table6[Notifications],Table6[Notifications]<>"")} -> 📞 Headphones Needs to re-order ! PH 9814xxxxxx

Sheet Customers
D7: Cust_ID | E7: Name | F7: Email | G7: Address
D8: 100 | E8: Ram Sales | F8: ram@gmail.com | G8: Delhi, India
D9: 101 | E9: Atul Ltd. | F9: atu@gmail.com | G9: 121102, Palwal, HR
D10: 102 | E10: MK Tech. | F10: mk@gmail.com | G10: Faridabad, 121101
D11: 103 | E11: 99store | F11: 99s@gmail.com | G11: Agra, UP
D12: 104 | E12: Rajesh Kumar | F12: raj@gmail.com | G12: New Delhi, 110010
D13: 105 | E13: Amit | F13: ami@gmail.com | G13: Gurgaon, Sec-15
D14: 106 | E14: Jain Tel. | F14: jai@gmail.com | G14: Janpath, New Delhi

Sheet Vendors
D7: HSN Code | E7: Product Name | F7: Vendor Name | G7: Phone | H7: Address
D8: N1001 | E8: Smart Watch | F8: Tech99 | G8: 9812xxxxxx | H8: Faridabad, 121101
D9: N1002 | E9: Laptop HP | F9: Tech99 | G9: 9812xxxxxx | H9: Faridabad, 121102
D10: N1003 | E10: Wireless Printer | F10: Tech99 | G10: 9812xxxxxx | H10: Faridabad, 121103
D11: N1004 | E11: Desktop | F11: GG Traders | G11: 9813xxxxxx | H11: Gurgaon, Sec-15
D12: N1005 | E12: Mouse | F12: GG Traders | G12: 9813xxxxxx | H12: Gurgaon, Sec-16
D13: N1006 | E13: Rgb Keyboard | F13: GG Traders | G13: 9813xxxxxx | H13: Gurgaon, Sec-17
D14: N1007 | E14: Camera | F14: GG Traders | G14: 9813xxxxxx | H14: Gurgaon, Sec-18
D15: N1008 | E15: Headphones | F15: Compac | G15: 9814xxxxxx | H15: New Delhi, 11012
D16: N1009 | E16: Speakers | F16: Compac | G16: 9814xxxxxx | H16: New Delhi, 11013
D17: N1010 | E17: Tablets | F17: Compac | G17: 9814xxxxxx | H17: New Delhi, 11014

Sheet Products
D7: HSN Code | E7: Product Name | F7: Cost | G7: Selling Price
D8: N1001 | E8: Smart Watch | F8: 980 | G8: 1176
D9: N1002 | E9: Laptop HP | F9: 34500 | G9: 41400
D10: N1003 | E10: Wireless Printer | F10: 4600 | G10: 5520
D11: N1004 | E11: Desktop | F11: 21000 | G11: 25200
D12: N1005 | E12: Mouse | F12: 200 | G12: 240
D13: N1006 | E13: Rgb Keyboard | F13: 340 | G13: 408
D14: N1007 | E14: Camera | F14: 52000 | G14: 62400
D15: N1008 | E15: Headphones | F15: 799 | G15: 958.8
D16: N1009 | E16: Speakers | F16: 670 | G16: 804
D17: N1010 | E17: Tablets | F17: 23500 | G17: 28200

Sheet New Entry
E9: Purchase Entry
E11: Sale Entry

Sheet Purchase
D7: HSN Code | E7: Product Name | F7: Vendor | G7: Date | H7: Units | I7: Cost | J7: Amount
D8: N1003 | E8: =IFERROR(VLOOKUP(purchase_data[[#This Row],[HSN Code]],Product_data[#All],2,0),"") -> Wireless Printer | F8: =IFERROR(VLOOKUP(purchase_data[[#This Row],[HSN Code]],Vendorsd_data[#All],3,0),"") -> Tech99 | G8: 46023 | H8: 10 | I8: =IFERROR(VLOOKUP(purchase_data[[#This Row],[HSN Code]],Product_data[#All],3,0),"") -> 4600 | J8: =IFERROR(purchase_data[[#This Row],[Units]]*purchase_data[[#This Row],[Cost]],"") -> 46000
D9: N1005 | E9: =IFERROR(VLOOKUP(purchase_data[[#This Row],[HSN Code]],Product_data[#All],2,0),"") -> Mouse | F9: =IFERROR(VLOOKUP(purchase_data[[#This Row],[HSN Code]],Vendorsd_data[#All],3,0),"") -> GG Traders | G9: 46024 | H9: 57 | I9: =IFERROR(VLOOKUP(purchase_data[[#This Row],[HSN Code]],Product_data[#All],3,0),"") -> 200 | J9: =IFERROR(purchase_data[[#This Row],[Units]]*purchase_data[[#This Row],[Cost]],"") -> 11400
D10: N1004 | E10: =IFERROR(VLOOKUP(purchase_data[[#This Row],[HSN Code]],Product_data[#All],2,0),"") -> Desktop | F10: =IFERROR(VLOOKUP(purchase_data[[#This Row],[HSN Code]],Vendorsd_data[#All],3,0),"") -> GG Traders | G10: 46025 | H10: 85 | I10: =IFERROR(VLOOKUP(purchase_data[[#This Row],[HSN Code]],Product_data[#All],3,0),"") -> 21000 | J10: =IFERROR(purchase_data[[#This Row],[Units]]*purchase_data[[#This Row],[Cost]],"") -> 1785000
D11: N1004 | E11: =IFERROR(VLOOKUP(purchase_data[[#This Row],[HSN Code]],Product_data[#All],2,0),"") -> Desktop | F11: =IFERROR(VLOOKUP(purchase_data[[#This Row],[HSN Code]],Vendorsd_data[#All],3,0),"") -> GG Traders | G11: 46026 | H11: 47 | I11: =IFERROR(VLOOKUP(purchase_data[[#This Row],[HSN Code]],Product_data[#All],3,0),"") -> 21000 | J11: =IFERROR(purchase_data[[#This Row],[Units]]*purchase_data[[#This Row],[Cost]],"") -> 987000
D12: N1001 | E12: =IFERROR(VLOOKUP(purchase_data[[#This Row],[HSN Code]],Product_data[#All],2,0),"") -> Smart Watch | F12: =IFERROR(VLOOKUP(purchase_data[[#This Row],[HSN Code]],Vendorsd_data[#All],3,0),"") -> Tech99 | G12: 46055 | H12: 23 | I12: =IFERROR(VLOOKUP(purchase_data[[#This Row],[HSN Code]],Product_data[#All],3,0),"") -> 980 | J12: =IFERROR(purchase_data[[#This Row],[Units]]*purchase_data[[#This Row],[Cost]],"") -> 22540
D13: N1007 | E13: =IFERROR(VLOOKUP(purchase_data[[#This Row],[HSN Code]],Product_data[#All],2,0),"") -> Camera | F13: =IFERROR(VLOOKUP(purchase_data[[#This Row],[HSN Code]],Vendorsd_data[#All],3,0),"") -> GG Traders | G13: 46056 | H13: 50 | I13: =IFERROR(VLOOKUP(purchase_data[[#This Row],[HSN Code]],Product_data[#All],3,0),"") -> 52000 | J13: =IFERROR(purchase_data[[#This Row],[Units]]*purchase_data[[#This Row],[Cost]],"") -> 2600000
D14: N1006 | E14: =IFERROR(VLOOKUP(purchase_data[[#This Row],[HSN Code]],Product_data[#All],2,0),"") -> Rgb Keyboard | F14: =IFERROR(VLOOKUP(purchase_data[[#This Row],[HSN Code]],Vendorsd_data[#All],3,0),"") -> GG Traders | G14: 46057 | H14: 54 | I14: =IFERROR(VLOOKUP(purchase_data[[#This Row],[HSN Code]],Product_data[#All],3,0),"") -> 340 | J14: =IFERROR(purchase_data[[#This Row],[Units]]*purchase_data[[#This Row],[Cost]],"") -> 18360
D15: N1002 | E15: =IFERROR(VLOOKUP(purchase_data[[#This Row],[HSN Code]],Product_data[#All],2,0),"") -> Laptop HP | F15: =IFERROR(VLOOKUP(purchase_data[[#This Row],[HSN Code]],Vendorsd_data[#All],3,0),"") -> Tech99 | G15: 46058 | H15: 64 | I15: =IFERROR(VLOOKUP(purchase_data[[#This Row],[HSN Code]],Product_data[#All],3,0),"") -> 34500 | J15: =IFERROR(purchase_data[[#This Row],[Units]]*purchase_data[[#This Row],[Cost]],"") -> 2208000
D16: N1010 | E16: =IFERROR(VLOOKUP(purchase_data[[#This Row],[HSN Code]],Product_data[#All],2,0),"") -> Tablets | F16: =IFERROR(VLOOKUP(purchase_data[[#This Row],[HSN Code]],Vendorsd_data[#All],3,0),"") -> Compac | G16: 46082 | H16: 20 | I16: =IFERROR(VLOOKUP(purchase_data[[#This Row],[HSN Code]],Product_data[#All],3,0),"") -> 23500 | J16: =IFERROR(purchase_data[[#This Row],[Units]]*purchase_data[[#This Row],[Cost]],"") -> 470000
D17: N1004 | E17: =IFERROR(VLOOKUP(purchase_data[[#This Row],[HSN Code]],Product_data[#All],2,0),"") -> Desktop | F17: =IFERROR(VLOOKUP(purchase_data[[#This Row],[HSN Code]],Vendorsd_data[#All],3,0),"") -> GG Traders | G17: 46083 | H17: 78 | I17: =IFERROR(VLOOKUP(purchase_data[[#This Row],[HSN Code]],Product_data[#All],3,0),"") -> 21000 | J17: =IFERROR(purchase_data[[#This Row],[Units]]*purchase_data[[#This Row],[Cost]],"") -> 1638000
D18: N1009 | E18: =IFERROR(VLOOKUP(purchase_data[[#This Row],[HSN Code]],Product_data[#All],2,0),"") -> Speakers | F18: =IFERROR(VLOOKUP(purchase_data[[#This Row],[HSN Code]],Vendorsd_data[#All],3,0),"") -> Compac | G18: 46084 | H18: 90 | I18: =IFERROR(VLOOKUP(purchase_data[[#This Row],[HSN Code]],Product_data[#All],3,0),"") -> 670 | J18: =IFERROR(purchase_data[[#This Row],[Units]]*purchase_data[[#This Row],[Cost]],"") -> 60300

Sheet Sales
D7: Cust_ID | E7: Cust_Name | F7: HSN Code | G7: Product Name | H7: Date | I7: Stock(Units) | J7: Units | K7: Price | L7: Amount
D8: 100 | E8: =IFERROR(VLOOKUP(sales_table[[#This Row],[Cust_ID]],Cust_Data[#All],2,0),"") -> Ram Sales | F8: N1004 | G8: =IFERROR(VLOOKUP(sales_table[[#This Row],[HSN Code]],Products!D7:G17,2,0),"") -> Desktop | H8: 46023 | I8: =IFERROR(VLOOKUP(sales_table[[#This Row],[HSN Code]],Table6[#All],6,0),"") -> 206 | J8: 2 | K8: =IFERROR(VLOOKUP(sales_table[[#This Row],[HSN Code]],Products!D1:G11,4,0),"") -> 25200 | L8: =IFERROR(sales_table[[#This Row],[Price]]*sales_table[[#This Row],[Units]],"") -> 50400
D9: 103 | E9: =IFERROR(VLOOKUP(sales_table[[#This Row],[Cust_ID]],Cust_Data[#All],2,0),"") -> 99store | F9: N1002 | G9: =IFERROR(VLOOKUP(sales_table[[#This Row],[HSN Code]],Products!D8:G18,2,0),"") -> Laptop HP | H9: 46023 | I9: =IFERROR(VLOOKUP(sales_table[[#This Row],[HSN Code]],Table6[#All],6,0),"") -> 59 | J9: 2 | K9: =IFERROR(VLOOKUP(sales_table[[#This Row],[HSN Code]],Products!D2:G12,4,0),"") -> 41400 | L9: =IFERROR(sales_table[[#This Row],[Price]]*sales_table[[#This Row],[Units]],"") -> 82800
D10: 104 | E10: =IFERROR(VLOOKUP(sales_table[[#This Row],[Cust_ID]],Cust_Data[#All],2,0),"") -> Rajesh Kumar | F10: N1005 | G10: =IFERROR(VLOOKUP(sales_table[[#This Row],[HSN Code]],Products!D9:G19,2,0),"") -> Mouse | H10: 46023 | I10: =IFERROR(VLOOKUP(sales_table[[#This Row],[HSN Code]],Table6[#All],6,0),"") -> 46 | J10: 1 | K10: =IFERROR(VLOOKUP(sales_table[[#This Row],[HSN Code]],Products!D3:G13,4,0),"") -> 240 | L10: =IFERROR(sales_table[[#This Row],[Price]]*sales_table[[#This Row],[Units]],"") -> 240
D11: 101 | E11: =IFERROR(VLOOKUP(sales_table[[#This Row],[Cust_ID]],Cust_Data[#All],2,0),"") -> Atul Ltd. | F11: N1006 | G11: =IFERROR(VLOOKUP(sales_table[[#This Row],[HSN Code]],Products!D10:G20,2,0),"") -> Rgb Keyboard | H11: 46024 | I11: =IFERROR(VLOOKUP(sales_table[[#This Row],[HSN Code]],Table6[#All],6,0),"") -> 27 | J11: 25 | K11: =IFERROR(VLOOKUP(sales_table[[#This Row],[HSN Code]],Products!D4:G14,4,0),"") -> 408 | L11: =IFERROR(sales_table[[#This Row],[Price]]*sales_table[[#This Row],[Units]],"") -> 10200
D12: 102 | E12: =IFERROR(VLOOKUP(sales_table[[#This Row],[Cust_ID]],Cust_Data[#All],2,0),"") -> MK Tech. | F12: N1008 | G12: =IFERROR(VLOOKUP(sales_table[[#This Row],[HSN Code]],Products!D11:G21,2,0),"") -> Headphones | H12: 46024 | I12: =IFERROR(VLOOKUP(sales_table[[#This Row],[HSN Code]],Table6[#All],6,0),"") -> 0 | J12: 0 | K12: =IFERROR(VLOOKUP(sales_table[[#This Row],[HSN Code]],Products!D5:G15,4,0),"") -> 958.8 | L12: =IFERROR(sales_table[[#This Row],[Price]]*sales_table[[#This Row],[Units]],"") -> 0
D13: 106 | E13: =IFERROR(VLOOKUP(sales_table[[#This Row],[Cust_ID]],Cust_Data[#All],2,0),"") -> Jain Tel. | F13: N1006 | G13: =IFERROR(VLOOKUP(sales_table[[#This Row],[HSN Code]],Products!D12:G22,2,0),"") -> Rgb Keyboard | H13: 6 | I13: =IFERROR(VLOOKUP(sales_table[[#This Row],[HSN Code]],Table6[#All],6,0),"") -> 27 | J13: 2 | K13: =IFERROR(VLOOKUP(sales_table[[#This Row],[HSN Code]],Products!D6:G16,4,0),"") -> 408 | L13: =IFERROR(sales_table[[#This Row],[Price]]*sales_table[[#This Row],[Units]],"") -> 816
D14: 100 | E14: =IFERROR(VLOOKUP(sales_table[[#This Row],[Cust_ID]],Cust_Data[#All],2,0),"") -> Ram Sales | F14: N1007 | G14: =IFERROR(VLOOKUP(sales_table[[#This Row],[HSN Code]],Products!D7:G17,2,0),"") -> Camera | H14: 46025 | I14: =IFERROR(VLOOKUP(sales_table[[#This Row],[HSN Code]],Table6[#All],6,0),"") -> 26 | J14: 8 | K14: =IFERROR(VLOOKUP(sales_table[[#This Row],[HSN Code]],Products!D7:G17,4,0),"") -> 62400 | L14: =IFERROR(sales_table[[#This Row],[Price]]*sales_table[[#This Row],[Units]],"") -> 499200
D15: 105 | E15: =IFERROR(VLOOKUP(sales_table[[#This Row],[Cust_ID]],Cust_Data[#All],2,0),"") -> Amit | F15: N1004 | G15: =IFERROR(VLOOKUP(sales_table[[#This Row],[HSN Code]],Products!D7:G17,2,0),"") -> Desktop | H15: 46054 | I15: =IFERROR(VLOOKUP(sales_table[[#This Row],[HSN Code]],Table6[#All],6,0),"") -> 206 | J15: 2 | K15: =IFERROR(VLOOKUP(sales_table[[#This Row],[HSN Code]],Products!D8:G18,4,0),"") -> 25200 | L15: =IFERROR(sales_table[[#This Row],[Price]]*sales_table[[#This Row],[Units]],"") -> 50400
D16: 103 | E16: =IFERROR(VLOOKUP(sales_table[[#This Row],[Cust_ID]],Cust_Data[#All],2,0),"") -> 99store | F16: N1001 | G16: =IFERROR(VLOOKUP(sales_table[[#This Row],[HSN Code]],Products!D7:G17,2,0),"") -> Smart Watch | H16: 46055 | I16: =IFERROR(VLOOKUP(sales_table[[#This Row],[HSN Code]],Table6[#All],6,0),"") -> 5 | J16: 8 | K16: =IFERROR(VLOOKUP(sales_table[[#This Row],[HSN Code]],Products!D7:G17,4,0),"") -> 1176 | L16: =IFERROR(sales_table[[#This Row],[Price]]*sales_table[[#This Row],[Units]],"") -> 9408
D17: 105 | E17: =IFERROR(VLOOKUP(sales_table[[#This Row],[Cust_ID]],Cust_Data[#All],2,0),"") -> Amit | F17: N1007 | G17: =IFERROR(VLOOKUP(sales_table[[#This Row],[HSN Code]],Products!D7:G17,2,0),"") -> Camera | H17: 46056 | I17: =IFERROR(VLOOKUP(sales_table[[#This Row],[HSN Code]],Table6[#All],6,0),"") -> 26 | J17: 5 | K17: =IFERROR(VLOOKUP(sales_table[[#This Row],[HSN Code]],Products!D10:G20,4,0),"") -> 62400 | L17: =IFERROR(sales_table[[#This Row],[Price]]*sales_table[[#This Row],[Units]],"") -> 312000
D18: 104 | E18: =IFERROR(VLOOKUP(sales_table[[#This Row],[Cust_ID]],Cust_Data[#All],2,0),"") -> Rajesh Kumar | F18: N1001 | G18: =IFERROR(VLOOKUP(sales_table[[#This Row],[HSN Code]],Products!D7:G17,2,0),"") -> Smart Watch | H18: 46082 | I18: =IFERROR(VLOOKUP(sales_table[[#This Row],[HSN Code]],Table6[#All],6,0),"") -> 5 | J18: 10 | K18: =IFERROR(VLOOKUP(sales_table[[#This Row],[HSN Code]],Products!D7:G17,4,0),"") -> 1176 | L18: =IFERROR(sales_table[[#This Row],[Price]]*sales_table[[#This Row],[Units]],"") -> 11760
D19: 106 | E19: =IFERROR(VLOOKUP(sales_table[[#This Row],[Cust_ID]],Cust_Data[#All],2,0),"") -> Jain Tel. | F19: N1005 | G19: =IFERROR(VLOOKUP(sales_table[[#This Row],[HSN Code]],Products!D7:G17,2,0),"") -> Mouse | H19: 46083 | I19: =IFERROR(VLOOKUP(sales_table[[#This Row],[HSN Code]],Table6[#All],6,0),"") -> 46 | J19: 9 | K19: =IFERROR(VLOOKUP(sales_table[[#This Row],[HSN Code]],Products!D12:G22,4,0),"") -> 240 | L19: =IFERROR(sales_table[[#This Row],[Price]]*sales_table[[#This Row],[Units]],"") -> 2160
D20: 102 | E20: =IFERROR(VLOOKUP(sales_table[[#This Row],[Cust_ID]],Cust_Data[#All],2,0),"") -> MK Tech. | F20: N1002 | G20: =IFERROR(VLOOKUP(sales_table[[#This Row],[HSN Code]],Products!D7:G17,2,0),"") -> Laptop HP | H20: 46084 | I20: =IFERROR(VLOOKUP(sales_table[[#This Row],[HSN Code]],Table6[#All],6,0),"") -> 59 | J20: 3 | K20: =IFERROR(VLOOKUP(sales_table[[#This Row],[HSN Code]],Products!D7:G17,4,0),"") -> 41400 | L20: =IFERROR(sales_table[[#This Row],[Price]]*sales_table[[#This Row],[Units]],"") -> 124200
D21: 101 | E21: =IFERROR(VLOOKUP(sales_table[[#This Row],[Cust_ID]],Cust_Data[#All],2,0),"") -> Atul Ltd. | F21: N1007 | G21: =IFERROR(VLOOKUP(sales_table[[#This Row],[HSN Code]],Products!D7:G17,2,0),"") -> Camera | H21: 46085 | I21: =IFERROR(VLOOKUP(sales_table[[#This Row],[HSN Code]],Table6[#All],6,0),"") -> 26 | J21: 11 | K21: =IFERROR(VLOOKUP(sales_table[[#This Row],[HSN Code]],Products!D14:G24,4,0),"") -> 62400 | L21: =IFERROR(sales_table[[#This Row],[Price]]*sales_table[[#This Row],[Units]],"") -> 686400
D22: 104 | E22: =IFERROR(VLOOKUP(sales_table[[#This Row],[Cust_ID]],Cust_Data[#All],2,0),"") -> Rajesh Kumar | F22: N1005 | G22: =IFERROR(VLOOKUP(sales_table[[#This Row],[HSN Code]],Products!D7:G17,2,0),"") -> Mouse | H22: 46113 | I22: =IFERROR(VLOOKUP(sales_table[[#This Row],[HSN Code]],Table6[#All],6,0),"") -> 46 | J22: 1 | K22: =IFERROR(VLOOKUP(sales_table[[#This Row],[HSN Code]],Products!D7:G17,4,0),"") -> 240 | L22: =IFERROR(sales_table[[#This Row],[Price]]*sales_table[[#This Row],[Units]],"") -> 240
D23: 101 | E23: =IFERROR(VLOOKUP(sales_table[[#This Row],[Cust_ID]],Cust_Data[#All],2,0),"") -> Atul Ltd. | F23: N1009 | G23: =IFERROR(VLOOKUP(sales_table[[#This Row],[HSN Code]],Products!D7:G17,2,0),"") -> Speakers | H23: 46114 | I23: =IFERROR(VLOOKUP(sales_table[[#This Row],[HSN Code]],Table6[#All],6,0),"") -> 85 | J23: 5 | K23: =IFERROR(VLOOKUP(sales_table[[#This Row],[HSN Code]],Products!D16:G26,4,0),"") -> 804 | L23: =IFERROR(sales_table[[#This Row],[Price]]*sales_table[[#This Row],[Units]],"") -> 4020
E24: =IFERROR(VLOOKUP(sales_table[[#This Row],[Cust_ID]],Cust_Data[#All],2,0),"") | G24: =IFERROR(VLOOKUP(sales_table[[#This Row],[HSN Code]],Products!D23:G33,2,0),"") | I24: =IFERROR(VLOOKUP(sales_table[[#This Row],[HSN Code]],Table6[#All],6,0),"") | K24: =IFERROR(VLOOKUP(sales_table[[#This Row],[HSN Code]],Products!D17:G27,4,0),"") | L24: =IFERROR(sales_table[[#This Row],[Price]]*sales_table[[#This Row],[Units]],"")
E25: =IFERROR(VLOOKUP(sales_table[[#This Row],[Cust_ID]],Cust_Data[#All],2,0),"") | G25: =IFERROR(VLOOKUP(sales_table[[#This Row],[HSN Code]],Products!D24:G34,2,0),"") | I25: =IFERROR(VLOOKUP(sales_table[[#This Row],[HSN Code]],Table6[#All],6,0),"") | K25: =IFERROR(VLOOKUP(sales_table[[#This Row],[HSN Code]],Products!D18:G28,4,0),"") | L25: =IFERROR(sales_table[[#This Row],[Price]]*sales_table[[#This Row],[Units]],"")

Sheet Inventory
D7: HSN Code | E7: Product Name | F7: Cost | G7: P Units | H7: S Units | I7: Stock | J7: Stock Amount | K7: Notifications
D8: =IFERROR(Product_data[[#This Row],[HSN Code]],"") -> N1001 | E8: =Product_data[[#This Row],[Product Name]] -> Smart Watch | F8: =Product_data[[#This Row],[Cost]] -> 980 | G8: =SUMIF(purchase_data[Product Name],Table6[[#This Row],[Product Name ]],purchase_data[Units]) -> 23 | H8: =SUMIF(sales_table[Product Name],Table6[[#This Row],[Product Name ]],sales_table[Units]) -> 18 | I8: =Table6[[#This Row],[P Units]]-Table6[[#This Row],[S Units]] -> 5 | J8: =IFERROR(Table6[[#This Row],[Cost]]*Table6[[#This Row],[Stock]],"") -> 4900 | K8: =IFERROR(IF(Table6[[#This Row],[Stock]]<5,"📞 "&Table6[[#This Row],[Product Name ]]&" Needs to re-order ! PH "&VLOOKUP(Table6[[#This Row],[HSN Code ]],Vendorsd_data[#All],4,0),""),"")
D9: =IFERROR(Product_data[[#This Row],[HSN Code]],"") -> N1002 | E9: =Product_data[[#This Row],[Product Name]] -> Laptop HP | F9: =Product_data[[#This Row],[Cost]] -> 34500 | G9: =SUMIF(purchase_data[Product Name],Table6[[#This Row],[Product Name ]],purchase_data[Units]) -> 64 | H9: =SUMIF(sales_table[Product Name],Table6[[#This Row],[Product Name ]],sales_table[Units]) -> 5 | I9: =Table6[[#This Row],[P Units]]-Table6[[#This Row],[S Units]] -> 59 | J9: =IFERROR(Table6[[#This Row],[Cost]]*Table6[[#This Row],[Stock]],"") -> 2035500 | K9: =IFERROR(IF(Table6[[#This Row],[Stock]]<5,"📞 "&Table6[[#This Row],[Product Name ]]&" Needs to re-order ! PH "&VLOOKUP(Table6[[#This Row],[HSN Code ]],Vendorsd_data[#All],4,0),""),"")
D10: =IFERROR(Product_data[[#This Row],[HSN Code]],"") -> N1003 | E10: =Product_data[[#This Row],[Product Name]] -> Wireless Printer | F10: =Product_data[[#This Row],[Cost]] -> 4600 | G10: =SUMIF(purchase_data[Product Name],Table6[[#This Row],[Product Name ]],purchase_data[Units]) -> 10 | H10: =SUMIF(sales_table[Product Name],Table6[[#This Row],[Product Name ]],sales_table[Units]) -> 0 | I10: =Table6[[#This Row],[P Units]]-Table6[[#This Row],[S Units]] -> 10 | J10: =IFERROR(Table6[[#This Row],[Cost]]*Table6[[#This Row],[Stock]],"") -> 46000 | K10: =IFERROR(IF(Table6[[#This Row],[Stock]]<5,"📞 "&Table6[[#This Row],[Product Name ]]&" Needs to re-order ! PH "&VLOOKUP(Table6[[#This Row],[HSN Code ]],Vendorsd_data[#All],4,0),""),"")
D11: =IFERROR(Product_data[[#This Row],[HSN Code]],"") -> N1004 | E11: =Product_data[[#This Row],[Product Name]] -> Desktop | F11: =Product_data[[#This Row],[Cost]] -> 21000 | G11: =SUMIF(purchase_data[Product Name],Table6[[#This Row],[Product Name ]],purchase_data[Units]) -> 210 | H11: =SUMIF(sales_table[Product Name],Table6[[#This Row],[Product Name ]],sales_table[Units]) -> 4 | I11: =Table6[[#This Row],[P Units]]-Table6[[#This Row],[S Units]] -> 206 | J11: =IFERROR(Table6[[#This Row],[Cost]]*Table6[[#This Row],[Stock]],"") -> 4326000 | K11: =IFERROR(IF(Table6[[#This Row],[Stock]]<5,"📞 "&Table6[[#This Row],[Product Name ]]&" Needs to re-order ! PH "&VLOOKUP(Table6[[#This Row],[HSN Code ]],Vendorsd_data[#All],4,0),""),"")
D12: =IFERROR(Product_data[[#This Row],[HSN Code]],"") -> N1005 | E12: =Product_data[[#This Row],[Product Name]] -> Mouse | F12: =Product_data[[#This Row],[Cost]] -> 200 | G12: =SUMIF(purchase_data[Product Name],Table6[[#This Row],[Product Name ]],purchase_data[Units]) -> 57 | H12: =SUMIF(sales_table[Product Name],Table6[[#This Row],[Product Name ]],sales_table[Units]) -> 11 | I12: =Table6[[#This Row],[P Units]]-Table6[[#This Row],[S Units]] -> 46 | J12: =IFERROR(Table6[[#This Row],[Cost]]*Table6[[#This Row],[Stock]],"") -> 9200 | K12: =IFERROR(IF(Table6[[#This Row],[Stock]]<5,"📞 "&Table6[[#This Row],[Product Name ]]&" Needs to re-order ! PH "&VLOOKUP(Table6[[#This Row],[HSN Code ]],Vendorsd_data[#All],4,0),""),"")
D13: =IFERROR(Product_data[[#This Row],[HSN Code]],"") -> N1006 | E13: =Product_data[[#This Row],[Product Name]] -> Rgb Keyboard | F13: =Product_data[[#This Row],[Cost]] -> 340 | G13: =SUMIF(purchase_data[Product Name],Table6[[#This Row],[Product Name ]],purchase_data[Units]) -> 54 | H13: =SUMIF(sales_table[Product Name],Table6[[#This Row],[Product Name ]],sales_table[Units]) -> 27 | I13: =Table6[[#This Row],[P Units]]-Table6[[#This Row],[S Units]] -> 27 | J13: =IFERROR(Table6[[#This Row],[Cost]]*Table6[[#This Row],[Stock]],"") -> 9180 | K13: =IFERROR(IF(Table6[[#This Row],[Stock]]<5,"📞 "&Table6[[#This Row],[Product Name ]]&" Needs to re-order ! PH "&VLOOKUP(Table6[[#This Row],[HSN Code ]],Vendorsd_data[#All],4,0),""),"")
D14: =IFERROR(Product_data[[#This Row],[HSN Code]],"") -> N1007 | E14: =Product_data[[#This Row],[Product Name]] -> Camera | F14: =Product_data[[#This Row],[Cost]] -> 52000 | G14: =SUMIF(purchase_data[Product Name],Table6[[#This Row],[Product Name ]],purchase_data[Units]) -> 50 | H14: =SUMIF(sales_table[Product Name],Table6[[#This Row],[Product Name ]],sales_table[Units]) -> 24 | I14: =Table6[[#This Row],[P Units]]-Table6[[#This Row],[S Units]] -> 26 | J14: =IFERROR(Table6[[#This Row],[Cost]]*Table6[[#This Row],[Stock]],"") -> 1352000 | K14: =IFERROR(IF(Table6[[#This Row],[Stock]]<5,"📞 "&Table6[[#This Row],[Product Name ]]&" Needs to re-order ! PH "&VLOOKUP(Table6[[#This Row],[HSN Code ]],Vendorsd_data[#All],4,0),""),"")
D15: =IFERROR(Product_data[[#This Row],[HSN Code]],"") -> N1008 | E15: =Product_data[[#This Row],[Product Name]] -> Headphones | F15: =Product_data[[#This Row],[Cost]] -> 799 | G15: =SUMIF(purchase_data[Product Name],Table6[[#This Row],[Product Name ]],purchase_data[Units]) -> 0 | H15: =SUMIF(sales_table[Product Name],Table6[[#This Row],[Product Name ]],sales_table[Units]) -> 0 | I15: 0 | J15: =IFERROR(Table6[[#This Row],[Cost]]*Table6[[#This Row],[Stock]],"") -> 0 | K15: =IFERROR(IF(Table6[[#This Row],[Stock]]<5,"📞 "&Table6[[#This Row],[Product Name ]]&" Needs to re-order ! PH "&VLOOKUP(Table6[[#This Row],[HSN Code ]],Vendorsd_data[#All],4,0),""),"") -> 📞 Headphones Needs to re-order ! PH 9814xxxxxx
D16: =IFERROR(Product_data[[#This Row],[HSN Code]],"") -> N1009 | E16: =Product_data[[#This Row],[Product Name]] -> Speakers | F16: =Product_data[[#This Row],[Cost]] -> 670 | G16: =SUMIF(purchase_data[Product Name],Table6[[#This Row],[Product Name ]],purchase_data[Units]) -> 90 | H16: =SUMIF(sales_table[Product Name],Table6[[#This Row],[Product Name ]],sales_table[Units]) -> 5 | I16: =Table6[[#This Row],[P Units]]-Table6[[#This Row],[S Units]] -> 85 | J16: =IFERROR(Table6[[#This Row],[Cost]]*Table6[[#This Row],[Stock]],"") -> 56950 | K16: =IFERROR(IF(Table6[[#This Row],[Stock]]<5,"📞 "&Table6[[#This Row],[Product Name ]]&" Needs to re-order ! PH "&VLOOKUP(Table6[[#This Row],[HSN Code ]],Vendorsd_data[#All],4,0),""),"")
D17: =IFERROR(Product_data[[#This Row],[HSN Code]],"") -> N1010 | E17: =Product_data[[#This Row],[Product Name]] -> Tablets | F17: =Product_data[[#This Row],[Cost]] -> 23500 | G17: =SUMIF(purchase_data[Product Name],Table6[[#This Row],[Product Name ]],purchase_data[Units]) -> 20 | H17: =SUMIF(sales_table[Product Name],Table6[[#This Row],[Product Name ]],sales_table[Units]) -> 0 | I17: =Table6[[#This Row],[P Units]]-Table6[[#This Row],[S Units]] -> 20 | J17: =IFERROR(Table6[[#This Row],[Cost]]*Table6[[#This Row],[Stock]],"") -> 470000 | K17: =IFERROR(IF(Table6[[#This Row],[Stock]]<5,"📞 "&Table6[[#This Row],[Product Name ]]&" Needs to re-order ! PH "&VLOOKUP(Table6[[#This Row],[HSN Code ]],Vendorsd_data[#All],4,0),""),"")
D18: =IFERROR(Product_data[[#This Row],[HSN Code]],"") | E18: =IFERROR(Product_data[[#This Row],[Product Name]],"") | F18: =IFERROR(Product_data[[#This Row],[Cost]],"") | G18: =SUMIF(purchase_data[Product Name],Table6[[#This Row],[Product Name ]],purchase_data[Units]) -> 0 | H18: =SUMIF(sales_table[Product Name],Table6[[#This Row],[Product Name ]],sales_table[Units]) -> 0 | I18: =Table6[[#This Row],[P Units]]-Table6[[#This Row],[S Units]] -> 0 | J18: =IFERROR(Table6[[#This Row],[Cost]]*Table6[[#This Row],[Stock]],"") | K18: =IFERROR(IF(Table6[[#This Row],[Stock]]<5,"📞 "&Table6[[#This Row],[Product Name ]]&" Needs to re-order ! PH "&VLOOKUP(Table6[[#This Row],[HSN Code ]],Vendorsd_data[#All],4,0),""),"")
D19: =IFERROR(Product_data[[#This Row],[HSN Code]],"") | E19: =IFERROR(Product_data[[#This Row],[Product Name]],"") | F19: =IFERROR(Product_data[[#This Row],[Cost]],"") | G19: =SUMIF(purchase_data[Product Name],Table6[[#This Row],[Product Name ]],purchase_data[Units]) -> 0 | H19: =SUMIF(sales_table[Product Name],Table6[[#This Row],[Product Name ]],sales_table[Units]) -> 0 | I19: =Table6[[#This Row],[P Units]]-Table6[[#This Row],[S Units]] -> 0 | J19: =IFERROR(Table6[[#This Row],[Cost]]*Table6[[#This Row],[Stock]],"") | K19: =IFERROR(IF(Table6[[#This Row],[Stock]]<5,"📞 "&Table6[[#This Row],[Product Name ]]&" Needs to re-order ! PH "&VLOOKUP(Table6[[#This Row],[HSN Code ]],Vendorsd_data[#All],4,0),""),"")
D20: =IFERROR(Product_data[[#This Row],[HSN Code]],"") | E20: =IFERROR(Product_data[[#This Row],[Product Name]],"") | F20: =IFERROR(Product_data[[#This Row],[Cost]],"") | G20: =SUMIF(purchase_data[Product Name],Table6[[#This Row],[Product Name ]],purchase_data[Units]) -> 0 | H20: =SUMIF(sales_table[Product Name],Table6[[#This Row],[Product Name ]],sales_table[Units]) -> 0 | I20: =Table6[[#This Row],[P Units]]-Table6[[#This Row],[S Units]] -> 0 | J20: =IFERROR(Table6[[#This Row],[Cost]]*Table6[[#This Row],[Stock]],"") | K20: =IFERROR(IF(Table6[[#This Row],[Stock]]<5,"📞 "&Table6[[#This Row],[Product Name ]]&" Needs to re-order ! PH "&VLOOKUP(Table6[[#This Row],[HSN Code ]],Vendorsd_data[#All],4,0),""),"")
D21: =IFERROR(Product_data[[#This Row],[HSN Code]],"") | E21: =IFERROR(Product_data[[#This Row],[Product Name]],"") | F21: =IFERROR(Product_data[[#This Row],[Cost]],"") | G21: =SUMIF(purchase_data[Product Name],Table6[[#This Row],[Product Name ]],purchase_data[Units]) -> 0 | H21: =SUMIF(sales_table[Product Name],Table6[[#This Row],[Product Name ]],sales_table[Units]) -> 0 | I21: =Table6[[#This Row],[P Units]]-Table6[[#This Row],[S Units]] -> 0 | J21: =IFERROR(Table6[[#This Row],[Cost]]*Table6[[#This Row],[Stock]],"") | K21: =IFERROR(IF(Table6[[#This Row],[Stock]]<5,"📞 "&Table6[[#This Row],[Product Name ]]&" Needs to re-order ! PH "&VLOOKUP(Table6[[#This Row],[HSN Code ]],Vendorsd_data[#All],4,0),""),"")
D22: =IFERROR(Product_data[[#This Row],[HSN Code]],"") | E22: =IFERROR(Product_data[[#This Row],[Product Name]],"") | F22: =IFERROR(Product_data[[#This Row],[Cost]],"") | G22: =SUMIF(purchase_data[Product Name],Table6[[#This Row],[Product Name ]],purchase_data[Units]) -> 0 | H22: =SUMIF(sales_table[Product Name],Table6[[#This Row],[Product Name ]],sales_table[Units]) -> 0 | I22: =Table6[[#This Row],[P Units]]-Table6[[#This Row],[S Units]] -> 0 | J22: =IFERROR(Table6[[#This Row],[Cost]]*Table6[[#This Row],[Stock]],"") | K22: =IFERROR(IF(Table6[[#This Row],[Stock]]<5,"📞 "&Table6[[#This Row],[Product Name ]]&" Needs to re-order ! PH "&VLOOKUP(Table6[[#This Row],[HSN Code ]],Vendorsd_data[#All],4,0),""),"")
D23: =IFERROR(Product_data[[#This Row],[HSN Code]],"") | E23: =IFERROR(Product_data[[#This Row],[Product Name]],"") | F23: =IFERROR(Product_data[[#This Row],[Cost]],"") | G23: =SUMIF(purchase_data[Product Name],Table6[[#This Row],[Product Name ]],purchase_data[Units]) -> 0 | H23: =SUMIF(sales_table[Product Name],Table6[[#This Row],[Product Name ]],sales_table[Units]) -> 0 | I23: =Table6[[#This Row],[P Units]]-Table6[[#This Row],[S Units]] -> 0 | J23: =IFERROR(Table6[[#This Row],[Cost]]*Table6[[#This Row],[Stock]],"") | K23: =IFERROR(IF(Table6[[#This Row],[Stock]]<5,"📞 "&Table6[[#This Row],[Product Name ]]&" Needs to re-order ! PH "&VLOOKUP(Table6[[#This Row],[HSN Code ]],Vendorsd_data[#All],4,0),""),"")
D24: =IFERROR(Product_data[[#This Row],[HSN Code]],"") | E24: =IFERROR(Product_data[[#This Row],[Product Name]],"") | F24: =IFERROR(Product_data[[#This Row],[Cost]],"") | G24: =SUMIF(purchase_data[Product Name],Table6[[#This Row],[Product Name ]],purchase_data[Units]) -> 0 | H24: =SUMIF(sales_table[Product Name],Table6[[#This Row],[Product Name ]],sales_table[Units]) -> 0 | I24: =Table6[[#This Row],[P Units]]-Table6[[#This Row],[S Units]] -> 0 | J24: =IFERROR(Table6[[#This Row],[Cost]]*Table6[[#This Row],[Stock]],"") | K24: =IFERROR(IF(Table6[[#This Row],[Stock]]<5,"📞 "&Table6[[#This Row],[Product Name ]]&" Needs to re-order ! PH "&VLOOKUP(Table6[[#This Row],[HSN Code ]],Vendorsd_data[#All],4,0),""),"")
D25: =IFERROR(Product_data[[#This Row],[HSN Code]],"") | E25: =IFERROR(Product_data[[#This Row],[Product Name]],"") | F25: =IFERROR(Product_data[[#This Row],[Cost]],"") | G25: =SUMIF(purchase_data[Product Name],Table6[[#This Row],[Product Name ]],purchase_data[Units]) -> 0 | H25: =SUMIF(sales_table[Product Name],Table6[[#This Row],[Product Name ]],sales_table[Units]) -> 0 | I25: =Table6[[#This Row],[P Units]]-Table6[[#This Row],[S Units]] -> 0 | J25: =IFERROR(Table6[[#This Row],[Cost]]*Table6[[#This Row],[Stock]],"") | K25: =IFERROR(IF(Table6[[#This Row],[Stock]]<5,"📞 "&Table6[[#This Row],[Product Name ]]&" Needs to re-order ! PH "&VLOOKUP(Table6[[#This Row],[HSN Code ]],Vendorsd_data[#All],4,0),""),"")
D26: =IFERROR(Product_data[[#This Row],[HSN Code]],"") | E26: =IFERROR(Product_data[[#This Row],[Product Name]],"") | F26: =IFERROR(Product_data[[#This Row],[Cost]],"")
D27: =IFERROR(Product_data[[#This Row],[HSN Code]],"") | E27: =IFERROR(Product_data[[#This Row],[Product Name]],"") | F27: =IFERROR(Product_data[[#This Row],[Cost]],"")

Sheet Pivots
A3: Count of Name | C3: Customers | E3: Row Labels | F3: Sum of S Units
A4: 7 | C4: =GETPIVOTDATA("Name",$A$3) -> 7 | E4: Rgb Keyboard | F4: 27
E5: Camera | F5: 24
E6: Smart Watch | F6: 18
A7: Count of Product Name | C7: Products | E7: Mouse | F7: 11
A8: 10 | C8: =GETPIVOTDATA("Product Name",$A$7) -> 10 | E8: Speakers | F8: 5
E9: Laptop HP | F9: 5
A10: Sum of Amount | C10: Purchase Amt | E10: Grand Total | F10: 90
A11: 9846600 | C11: =GETPIVOTDATA("Amount",$A$10) -> 9846600
A13: Sum of Amount | C13: Sale Amt | E13: Row Labels | F13: Sum of Amount
A14: 1844244 | C14: =GETPIVOTDATA("Amount",$A$13) -> 1844244 | E14: Atul Ltd. | F14: 700620
E15: Ram Sales | F15: 549600
A16: Sum of Stock Amount | C16: Stock Amt | E16: Amit | F16: 362400
A17: 8309730 | C17: =GETPIVOTDATA("Stock Amount",$A$16) -> 8309730 | E17: MK Tech. | F17: 124200
E18: 99store | F18: 92208
E19: Grand Total | F19: 1829028
C20: p & l
C21: =C17+C14-C11 -> 307374
A22: Row Labels | B22: Sum of Stock
A23: Camera | B23: 26
A24: Desktop | B24: 206
A25: Headphones | B25: 0
A26: Laptop HP | B26: 59
A27: Mouse | B27: 46
A28: Rgb Keyboard | B28: 27
A29: Smart Watch | B29: 5
A30: Speakers | B30: 85
A31: Tablets | B31: 20
A32: Wireless Printer | B32: 10
A33: Grand Total | B33: 484
